count,sequence
36,T.T.T.T
24,T.T.T.T.T
19,A.A.T.G.G.G
18,T.T.T.T.T.T
10,T.T.T.T.T.T.T
10,G.A.G.C.T.G
9,G.T.C.G
7,T.T.T.T.T.T.T.T.T
7,G.G.G.A.G.C.T.G
3,T.T.Tcp.T.T
3,T.T.T.T.T.T.T.T
3,G.T.C.G.A.G
3,G.T.C.G.A
3,C.T.G.A.A
3,C.G.C.A.A.C.T.T
3,C.C.C.C
3,C.C.C.A
3,A.G.G.A
3,A.A.T.G.C.G
2,Upe.18q.A.Uz
2,T.T.T.T.C.G
2,T.T.T.C.T.T
2,T.T.C.A.A
2,T.G.T.G.T
2,T.G.C.C
2,T.C.T.A
2,T.A.T.C
2,Pst.Okn.Pst.Gs
2,G.T.G.T
2,G.T.G.C.A.G.T
2,G.G.G.A.G.C
2,G.Bru.C.G
2,C.T.G.T.G.C.T
2,C.T.C.G.T
2,C.G.T.A
2,C.G.A.G
2,C.C.C.C.C.C.C.C.C
2,C.C.A.T
2,A.G.C.G
2,A.G.C.A.C
2,A.G.A.C.T.G.G.C
2,A.G.A.C.T.G.G
2,A.C.T.C.G
2,A.A.A.A.A.A
2,5iu.A.G.A.5iu.A
1,T.Tcp.T.T
1,T.T.T.T.T.T.A
1,T.T.T.T.G
1,T.T.T.T.C.T.T
1,T.T.G.G
1,T.T.C.C.G.C.T.T.G
1,T.T.C.C.G.C.T.T
1,T.G.T.G.C.T.C.A
1,T.G.T.G
1,T.G.T.C
1,T.G.T.A
1,T.G.G.G.C
1,T.G.G.G
1,T.G.G.C.G.C
1,T.C.T.T
1,T.C.G.A
1,T.C.A.G.T.A.G.C.T.G
1,T.C.A.G.T.A.A.C.T.G
1,T.C.A.C.2lf
1,T.C.A.A
1,T.A.T.A.A.T
1,T.A.I.G
1,T.A.G.G
1,T.A.G.A
1,T.A.A.G.A
1,Okn.Pst.Okn.Pst.Gs.Gs
1,Okn.Pst.Gs.Gs.As.Okt.Okt
1,Gs.As.Okt.Okt
1,G.T.G.T.G.G.G.T.G.T.G
1,G.G.G.G
1,G.G.G.C.T.G.A
1,G.G.G.A.G.C.T.G.T
1,G.G.A.C.G
1,G.C.T.G
1,G.C.T.A
1,G.C.G.C
1,G.C.C.G.C
1,G.C.A.G
1,G.C.A.C.C.T.T.A
1,G.C.A.A.G.G.T.C
1,G.Bru.C.G.A.G
1,G.Bru.C.G.A
1,G.A.T.G.T
1,G.A.T.C
1,G.A.G.G.A
1,G.A.A.T
1,G.A.A.C
1,C.T.T.C.G.G
1,C.T.G.A.T.G.G.C.A
1,C.T.G.A
1,C.T.C.G.T.A.G.G.A.T.T.A.T
1,C.T.A.T.A.A.T
1,C.T.A.A.C
1,C.G.T.Ctg.G
1,C.G.T.A.G.G.A.T.T.A.T.A.G
1,C.G.C.G
1,C.G.C.C
1,C.G.A.G.G
1,C.C.T.C.T.T
1,C.C.T.A
1,C.C.G.C
1,C.C.C.C.C.C.C.C
1,C.C.C.C.C.C.C
1,C.C.C.C.C.C
1,C.C.C.C.C
1,C.C.C.C.A
1,C.C.C.A.A
1,C.A.T.T
1,C.A.T.A
1,C.A.A.T.T.C.C
1,C.A.A.T
1,C.A.A.C.A.A.C
1,C.A.A.C
1,C.A.A.A
1,C.A.5cm.A.G
1,Bru.Bru.Bru.Bru
1,A2m.A2m.Omg.A2m.Omc.A2m.Omc
1,A.U.A.C.A.U.A
1,A.T.T.T.T.T
1,A.T.T.G.T.G
1,A.T.T.C.U.5iu.A.A.T.T
1,A.T.T.C.C.T
1,A.T.T.C.C.A
1,A.T.T.C.C
1,A.T.A.C.C
1,A.T.A.A
1,A.G.G.G.T
1,A.G.G.A.T.T.A.T.A
1,A.G.C.A.T.G.T.C
1,A.C.T.C
1,A.C.G.A
1,A.A.T.G.T.G
1,A.A.T.G.G.G.A
1,A.A.T.G.C
1,A.A.T.G
1,A.A.T.C.T
1,A.A.C.T
1,A.A.A.G
1,A.A.A.Bmn
1,A.A.A.91n
1,A.5iu.C.5iu.A
1,5iu.A.5iu.C.5iu.A
1,5iu.5iu.5iu.5iu.A
